id,ACCTNUMBER,ACCOUNTSEARCHDISPLAYNAMECOPY,ACCOUNTSEARCHDISPLAYNAME
685,900000,Misc,900000 Misc
569,641100,Consumables,641100 Consumables
117,641200,Equipment,641200 Equipment
407,641300,RnD,641300 RnD
875,650000,External Services,650000 External Services
587,642100,Software,642100 Software
911,643100,Repair,643100 Repair
588,652200,Office Supplies,652200 Office Supplies
449,642300, Small Office Furniture,642300  Small Office Furniture
128,642400, IT Small Equip & Assoc Costs,642400  IT Small Equip & Assoc Costs
488,651100,Engineering Expense,651100 Engineering Expense
294,661100,COGS,661100 COGS