id,addr1,city,State,zip,country
100651,9 Gregory Street,Paramus,NJ,7652,US
100652,93 Indian Spring Ave.,Hudson,NH,3051,US
100653,77 Country St.,Lake Mary,FL,32746,US
100654,22 Ridgewood Ave.,Huntington Station,NY,11746,US
100655,827 Hanover Ave.,Green Cove Springs,FL,32043,US
100656,13 South Sleepy Hollow St.,Mobile,AL,36605,US
100657,7641 NE. Newbridge Road,Saint Johns,FL,32259,US
100658,9239 St Margarets Street,Ypsilanti,MI,48197,US
100659,7208 Shipley Drive,Forest Hills,NY,11375,US
100660,17 South Pumpkin Hill St.,Inman,SC,29349,US
100661,404 Foster Street,Seattle,WA,98144,US
100662,9559 Cleveland Ave.,Battle Creek,MI,49015,US
100663,363 Acacia Street,Webster,NY,14580,US
100664,868 South Prince St.,Gulfport,MS,39503,US
100665,6 8th Drive,Melbourne,FL,32904,US
100666,462 Laurel Street,Allison Park,PA,15101,US
100667,8279 Pennington Ave.,Oviedo,FL,32765,US
100668,16 Pulaski Drive,Santa Cruz,CA,95060,US
100669,24 East Rd.,Horn Lake,MS,38637,US
100670,387 Foster Drive,Lowell,MA,1851,US
100671,77 Valley Drive,Dawsonville,GA,30534,US
100672,9751 Kent Ave.,Laurel,MD,20707,US
100673,361 S. Livingston Dr.,Londonderry,NH,3053,US
100674,7613 Cedarwood Lane,Dayton,OH,45420,US
100675,9 Winding Way Lane,Camp Hill,PA,17011,US
100676,555 Ryan Avenue,Satellite Beach,FL,32937,US
100677,372 Studebaker St.,Brookfield,WI,53045,US
100678,7779 S. Pacific Street,Palm Harbor,FL,34683,US
100679,586 South Orange Drive,Wethersfield,CT,6109,US
100680,268 Sage St.,Bethesda,MD,20814,US
100681,7260 Shadow Brook Court,Nampa,ID,83651,US
100682,420 Edgewater St.,Stafford,VA,22554,US
100683,37 Walnut Lane,Hollywood,FL,33020,US
100684,408 Galvin Street,Middleburg,FL,32068,US
100685,337 Trusel Road,Colonial Heights,VA,23834,US
100686,40 West Leeton Ridge St.,Tuscaloosa,AL,35405,US
100687,12 Birch Hill Lane,Urbandale,IA,50322,US
100688,439 Market Ave.,Fleming Island,FL,32003,US
100689,577 Vale Street,Omaha,NE,68107,US
100690,6 Canal Ave.,Valdosta,GA,31601,US
100691,60 Stillwater Ave.,Butte,MT,59701,US
100692,44 W. Devonshire Dr.,Findlay,OH,45840,US
100693,9419 Kingston Ave.,Annapolis,MD,21401,US
100694,87 Walt Whitman Avenue,Voorhees,NJ,8043,US
100695,77 North Somerset Dr.,Tuckerton,NJ,8087,US
100696,39 Kingston St.,Pewaukee,WI,53072,US
100697,49 Somerset Road,San Angelo,TX,76901,US
100698,921 Snake Hill Rd.,Greer,SC,29650,US
100699,545 Hudson St.,San Lorenzo,CA,94580,US
100700,7069 Yukon St.,Ballston Spa,NY,12020,US
100701,868 St Margarets Lane,Shrewsbury,MA,1545,US
100702,14 Bank St.,Cookeville,TN,38501,US
100703,94 Prospect Dr.,Annandale,VA,22003,US
100704,565 St Louis Court,Sulphur,LA,70663,US
100705,85 Argyle Ave.,Chelmsford,MA,1824,US
100706,530 Summit Street,Oak Park,MI,48237,US
100707,7996 Littleton Dr.,Charlottesville,VA,22901,US
100708,665 East Beech Road,Livingston,NJ,7039,US
100709,18 Cedar Circle,Lake Worth,FL,33460,US
100710,47 Southampton Court,Watertown,MA,2472,US
100711,9286 Glenlake Street,Kennewick,WA,99337,US
100712,8503 Garden Street,Taylor,MI,48180,US
100713,620 Cedar Swamp Dr.,Trenton,NJ,8610,US
100714,933 Second St.,Newton,NJ,7860,US
100715,15 Monroe Ave.,Wappingers Falls,NY,12590,US
100716,7039 Paris Hill St.,Riverview,FL,33569,US
100717,189 Arch Rd.,Cary,NC,27511,US
100718,8132 Hill Field St.,Greenville,NC,27834,US
100719,7302 Lower River Drive,Jupiter,FL,33458,US
100720,9797 Essex St.,Arlington Heights,IL,60004,US
100721,822 E. Prince Dr.,Duluth,GA,30096,US
100722,826 Dogwood Drive,Kingsport,TN,37660,US
100723,561 Lancaster Avenue,Port Chester,NY,10573,US
100724,27 East Myrtle Drive,Jackson,NJ,8527,US
100725,7232 Woodsman St.,Canfield,OH,44406,US
100726,660 Manhattan Circle,Bowie,MD,20715,US
100727,53 Shipley St.,Deer Park,NY,11729,US
100728,3 Glen Eagles Rd.,Essex,MD,21221,US
100729,7562 St Louis Road,Sun Prairie,WI,53590,US
100730,7492 SW. Foster St.,Waukesha,WI,53186,US
100731,140 Briarwood Lane,Lakeville,MN,55044,US
100732,744 Fawn Ave.,Hackensack,NJ,7601,US
100733,588 North Trout Street,Oshkosh,WI,54901,US
100734,8734 Marlborough Lane,Glendale,AZ,85302,US
100735,897 South Brandywine Dr.,Sarasota,FL,34231,US
100736,8 College Street,State College,PA,16801,US
100737,8 Indian Spring Road,Yonkers,NY,10701,US
100738,806 Poor House St.,Iowa City,IA,52240,US
100739,8060 Evergreen Street,Mount Juliet,TN,37122,US
100740,434 Sunnyslope Ave.,Pottstown,PA,19464,US
100741,8635 Pennsylvania Drive,Winona,MN,55987,US
100742,243 Tower Rd.,New Kensington,PA,15068,US
100743,58 Beechwood Ave.,Temple Hills,MD,20748,US
100744,53 George Lane,Thibodaux,LA,70301,US
100745,967 Smith St.,Deerfield Beach,FL,33442,US
100746,7636 Golf St.,Maspeth,NY,11378,US
100747,811 New St.,Waukegan,IL,60085,US
100748,9445 Plumb Branch Ave.,Ada,OK,74820,US
100749,9 Manhattan Lane,Livonia,MI,48150,US
100750,7451 Airport Drive,Kalamazoo,MI,49009,US
100751,587 Dunbar Street,Martinsville,VA,24112,US
100752,2 Brickell Street,Ottumwa,IA,52501,US
100753,66 53rd St.,Appleton,WI,54911,US
100754,40 Somerset Dr.,Murrells Inlet,SC,29576,US
100755,88 Old Pendergast St.,Wasilla,AK,99654,US
100756,7996 Oxford Circle,Ridgewood,NJ,7450,US
100757,7474 St Louis Court,Winston Salem,NC,27103,US
100758,674 Fairfield Dr.,Wheeling,WV,26003,US
100759,7171 Ashley Lane,Moses Lake,WA,98837,US
100760,7317 Plymouth St.,Pleasanton,CA,94566,US
100761,54 W. Oak Avenue,Chester,PA,19013,US
100762,8558 Bald Hill St.,Muncie,IN,47302,US
100763,8 Summer St.,Kalispell,MT,59901,US
100764,508 Bayberry St.,Braintree,MA,2184,US
100765,140 Essex Street,Staunton,VA,24401,US
100766,719 North Atlantic Rd.,Chicago Heights,IL,60411,US
100767,247 Fairway St.,Concord,NH,3301,US
100768,32 Buckingham St.,West Deptford,NJ,8096,US
100769,937 Bradford Rd.,Grand Rapids,MI,49503,US
100770,487 Ocean Court,Glen Ellyn,IL,60137,US
100771,771 Lilac St.,Fort Washington,MD,20744,US
100772,84 E. Corona Drive,Winter Park,FL,32792,US
100773,40 Jefferson Dr.,Salt Lake City,UT,84119,US
100774,62 Ramblewood St.,Greensburg,PA,15601,US
100775,172 Grant St.,Detroit,MI,48205,US
100776,38 Wild Horse Ave.,Bristow,VA,20136,US
100777,8306 S. Sleepy Hollow Street,Powder Springs,GA,30127,US
100778,59 S. Bay Meadows Drive,Villa Rica,GA,30180,US
100779,582 Beechwood St.,Joliet,IL,60435,US
100780,437 Pennington Ave.,Oakland,CA,94603,US
100781,7460 Warren Rd.,Adrian,MI,49221,US
100782,86 Virginia St.,Dyersburg,TN,38024,US
100783,41 Redwood St.,Bangor,ME,4401,US
100784,122 3rd Court,Mason,OH,45040,US
100785,45 Peninsula Lane,Winchester,VA,22601,US
100786,51 Grove Street,West Chicago,IL,60185,US
100787,8 Old Piper St.,Minneapolis,MN,55406,US
100788,312 Mill St.,Old Bridge,NJ,8857,US
100789,909 Beach Drive,Painesville,OH,44077,US
100790,13 Jockey Hollow Street,District Heights,MD,20747,US
100791,635 Riverside Rd.,Miamisburg,OH,45342,US
100792,308 Griffin Lane,Mc Lean,VA,22101,US
100793,473 Oxford Street,Warminster,PA,18974,US
100794,13 Iroquois Rd.,Scarsdale,NY,10583,US
100795,4 Bayberry Court,Canyon Country,CA,91387,US
100796,705 Pheasant Road,Methuen,MA,1844,US
100797,9883 Prince St.,Trussville,AL,35173,US
100798,7756 Mulberry Dr.,Catonsville,MD,21228,US
100799,87 Del Monte Street,Norwalk,CT,6851,US
100800,545 Snake Hill St.,Murfreesboro,TN,37128,US
100801,39 Windsor Ave.,Wheaton,IL,60187,US
100802,99 Ridge St.,Menomonee Falls,WI,53051,US
100803,8034 Yukon Drive,Decatur,GA,30030,US
100804,77 Shore Rd.,Duarte,CA,91010,US
100805,51 High Ridge Court,Clover,SC,29710,US
100806,577 Circle Court,Clifton,NJ,7011,US
100807,707 Somerset St.,Bensalem,PA,19020,US
100808,378 Oak Meadow St.,New York,NY,10002,US
100809,983 Atlantic Drive,Asbury Park,NJ,7712,US
100810,686 Mayfield Rd.,Niles,MI,49120,US
100811,8941 Clay Ave.,Downers Grove,IL,60515,US
100812,8450 Yukon Street,Liverpool,NY,13090,US
100813,235 Old Ridge Rd.,Plymouth,MA,2360,US
100814,7621 Arcadia Ave.,Fairfax,VA,22030,US
100815,999 Taylor Dr.,Carrollton,GA,30117,US
100816,9542 Pacific Rd.,Hackettstown,NJ,7840,US
100817,598 1st Street,Titusville,FL,32780,US
100818,8346 Brickell Lane,Eastlake,OH,44095,US
100819,595 West Myrtle Drive,Chesapeake,VA,23320,US
100820,807 Miles Street,Bethlehem,PA,18015,US
100821,9935 NW. Howard St.,Augusta,GA,30906,US
100822,15 La Sierra St.,Centreville,VA,20120,US
100823,818 Greystone Street,Waltham,MA,2453,US
100824,97 Lantern Rd.,Ridgecrest,CA,93555,US
100825,9020 Cambridge Street,East Hartford,CT,6118,US
100826,14 Maiden Street,Worcester,MA,1604,US
100827,252 Warren Lane,Hyde Park,MA,2136,US
100828,9344 Adams Ave.,Lithonia,GA,30038,US
100829,507 Railroad Lane,Bakersfield,CA,93306,US
100830,63 Bow Ridge Drive,Thornton,CO,80241,US
100831,872 Marconi Ave.,Greenwood,SC,29646,US
100832,717 Marvon St.,Saratoga Springs,NY,12866,US
100833,41 Second St.,Melrose,MA,2176,US
100834,9916 Plymouth Street,New Rochelle,NY,10801,US
100835,495 Shadow Brook Ave.,Battle Ground,WA,98604,US
100836,299 Sleepy Hollow St.,York,PA,17402,US
100837,116 School St.,Hagerstown,MD,21740,US
100838,232 Wintergreen Street,Pembroke Pines,FL,33028,US
100839,12 Maple Ave.,Long Branch,NJ,7740,US
100840,9949 West Crescent St.,Lakeland,FL,33801,US
100841,884 Columbia Ave.,Ankeny,IA,50023,US
100842,107 Smith Store Avenue,Waterloo,IA,50701,US
100843,24 Fairway St.,Monsey,NY,10952,US
100844,710 Marconi Ave.,Huntersville,NC,28078,US
100845,551 Bald Hill Court,Richardson,TX,75080,US
100846,9633 SE. 53rd Lane,Lexington,NC,27292,US
100847,9705 S. Wild Horse Dr.,Malvern,PA,19355,US
100848,91 Nichols Street,Coraopolis,PA,15108,US
100849,9660 Bay Road,Monroe Township,NJ,8831,US
100850,71 Newport Court,Kissimmee,FL,34741,US
100851,9795 Warren Drive,Port Washington,NY,11050,US
100852,75 Winding Way St.,Silver Spring,MD,20901,US
100853,9761 Pineknoll Rd.,Suffolk,VA,23434,US
100854,8326 Shipley Lane,Romeoville,IL,60446,US
100855,793 Argyle St.,Bel Air,MD,21014,US
100856,11 Arlington Street,Perkasie,PA,18944,US
100857,542 Hilldale Street,Saint Petersburg,FL,33702,US
100858,8229 SW. Marsh Drive,Ellenwood,GA,30294,US
100859,8611 State Ave.,Wake Forest,NC,27587,US
100860,911 S. Hillside St.,Long Beach,NY,11561,US
100861,741 Cleveland Lane,Monroe,NY,10950,US
100862,463 Vernon Road,Kokomo,IN,46901,US
100863,9813 Grand Lane,Mocksville,NC,27028,US
100864,1 S. Bank Street,Apex,NC,27502,US
100865,692 Windfall Drive,Mount Laurel,NJ,8054,US
100866,171 Brickyard Street,Brick,NJ,8723,US
100867,7193 Pendergast Ave.,Northville,MI,48167,US
100868,7131 Trusel Street,Uniontown,PA,15401,US
100869,8090 4th Dr.,Mason City,IA,50401,US
100870,9437 River Street,Vernon Rockville,CT,6066,US
100871,7556 N. Kent Lane,Rolling Meadows,IL,60008,US
100872,253 Fifth Dr.,Fairmont,WV,26554,US
100873,7189 East Williams Street,Vineland,NJ,8360,US
100874,676 Sussex St.,Elk River,MN,55330,US
100875,35 Queen Road,New Albany,IN,47150,US
100876,771 Yukon St.,Dothan,AL,36301,US
100877,948 Dunbar Dr.,Rochester,NY,14606,US
100878,28 Jones Lane,Newport News,VA,23601,US
100879,144 New Saddle Street,Highland Park,IL,60035,US
100880,70 Elizabeth St.,Portland,ME,4103,US
100881,135 Manhattan Court,Garfield,NJ,7026,US
100882,462 Marsh St.,Delaware,OH,43015,US
100883,9008 County St.,Olney,MD,20832,US
100884,9667 Elm Street,Louisville,KY,40207,US
100885,7789 Bay St.,Cottage Grove,MN,55016,US
100886,8993 Shub Farm Avenue,Rego Park,NY,11374,US
100887,6 Cottage St.,Loganville,GA,30052,US
100888,98 Fulton Road,Bethel Park,PA,15102,US
100889,19 Grant Lane,Jonesboro,GA,30236,US
100890,2 Bishop Street,Emporia,KS,66801,US
100891,9704 South St.,Norfolk,VA,23503,US
100892,70 N. Shirley Road,Bowling Green,KY,42101,US
100893,972 Windsor St.,Hopkinsville,KY,42240,US
100894,511 Fifth Road,Clayton,NC,27520,US
100895,212 North Harrison St.,Patchogue,NY,11772,US
100896,9538 Sulphur Springs Road,Elizabethtown,PA,17022,US
100897,22 Harvard St.,Oak Ridge,TN,37830,US
100898,823 Church Drive,Millville,NJ,8332,US
100899,7216 Kent St.,Lutherville Timonium,MD,21093,US
100900,7438 Ohio Road,West Chester,PA,19380,US
100901,45 North Hickory Drive,Hollis,NY,11423,US
100902,624 New St.,Westminster,MD,21157,US
100903,197 High St.,Antioch,TN,37013,US
100904,7 Hickory St.,Severn,MD,21144,US
100905,9715 Henry Smith St.,Elgin,IL,60120,US
100906,844 Applegate Dr.,Glen Burnie,MD,21060,US
100907,959 Applegate Lane,South Ozone Park,NY,11420,US
100908,130 Westport Drive,New Haven,CT,6511,US
100909,66 Gartner St.,Jamaica Plain,MA,2130,US
100910,9717 High Noon Drive,Sicklerville,NJ,8081,US
100911,117 Gates Avenue,Carol Stream,IL,60188,US
100912,339 San Carlos Rd.,Altoona,PA,16601,US
100913,8034 Addison Court,Sevierville,TN,37876,US
100914,982 Main St.,Cranberry Twp,PA,16066,US
100915,29 Summerhouse Court,Stow,OH,44224,US
100916,39 Pendergast Rd.,Cranford,NJ,7016,US
100917,78 NE. Lake Forest St.,Holyoke,MA,1040,US
100918,315 Foster St.,Nottingham,MD,21236,US
100919,755 Carson Lane,Yuma,AZ,85365,US
100920,7442 S. Shub Farm Drive,Ozone Park,NY,11417,US
100921,689 South Elizabeth Rd.,Ft Mitchell,KY,41017,US
100922,323 Henry Street,Belleville,NJ,7109,US
100923,279 School Street,Lititz,PA,17543,US
100924,73 Crescent Rd.,Derry,NH,3038,US
100925,9455 Littleton St.,Westford,MA,1886,US
100926,29 Leeton Ridge Lane,Sanford,NC,27330,US
100927,7865 Yukon Lane,Wallingford,CT,6492,US
100928,288 West Logan Street,Piedmont,SC,29673,US
100929,920 New Saddle St.,Elizabeth,NJ,7202,US
100930,330 Alderwood Street,Syosset,NY,11791,US
100931,983 Virginia Rd.,Saint Paul,MN,55104,US
100932,12 North Essex St.,Berwyn,IL,60402,US
100933,8669 Canterbury Lane,Marlton,NJ,8053,US
100934,8032 Valley Farms Street,Port Saint Lucie,FL,34952,US
100935,96 Tallwood Drive,Drexel Hill,PA,19026,US
100936,516 Nicolls Ave.,Pomona,CA,91768,US
100937,17 Shub Farm Ave.,Westbury,NY,11590,US
100938,7335 Harrison St.,Galloway,OH,43119,US
100939,9477 Arcadia Court,Midlothian,VA,23112,US
100940,85 Holly Street,Canton,GA,30114,US
100941,8750 Howard Dr.,Wantagh,NY,11793,US
100942,8225 Cherry St.,Westport,CT,6880,US
100943,7917 Homewood St.,Sunnyside,NY,11104,US
100944,78 E. Smoky Hollow Ave.,Owensboro,KY,42301,US
100945,402 Halifax Court,Warwick,RI,2886,US
100946,9111 Glendale St.,Danbury,CT,6810,US
100947,845 North Madison Lane,Lorton,VA,22079,US
100948,65 Marsh St.,Montclair,NJ,7042,US
100949,25 Buckingham Lane,Fair Lawn,NJ,7410,US
100950,7189 Sulphur Springs Street,Fairfield,CT,6824,US
100951,53 South San Carlos Circle,Winter Haven,FL,33880,US
100952,63 East Linda Street,Massapequa,NY,11758,US
100953,381 E. Heather Rd.,Great Falls,MT,59404,US
100954,4 James Ave.,Reisterstown,MD,21136,US
100955,91 Sunset Drive,Ladson,SC,29456,US
100956,2 Trout Lane,Waterbury,CT,6705,US
100957,742 W. Charles Circle,Pompano Beach,FL,33060,US
100958,694 Fawn Street,Pasadena,MD,21122,US
100959,367 North Market St.,Vernon Hills,IL,60061,US
100960,22 Old Fremont Ave.,Richmond,VA,23223,US
100961,8289 Carson Street,Pueblo,CO,81001,US
100962,420 East Adams St.,Rockford,MI,49341,US
100963,556 Madison Avenue,Latrobe,PA,15650,US
100964,591 South Edgewater Lane,Cuyahoga Falls,OH,44221,US
100965,9346 Shady Dr.,Midland,MI,48640,US
100966,29 Ann St.,Hernando,MS,38632,US
100967,9802 Summer St.,Bronx,NY,10451,US
100968,9270 Ridge St.,Dublin,GA,31021,US
100969,60 Bank Street,Poughkeepsie,NY,12601,US
100970,849 East Wild Horse Court,Lemont,IL,60439,US
100971,38 W. Strawberry Street,Mount Vernon,NY,10550,US
100972,53 Brewery Road,Dover,NH,3820,US
100973,803 Grand St.,Torrington,CT,6790,US
100974,98 East Clinton Street,Canal Winchester,OH,43110,US
100975,9610 N. Sherman Ave.,South Richmond Hill,NY,11419,US
100976,8308 Oak Meadow Street,Banning,CA,92220,US
100977,8097 Wentworth Street,Woburn,MA,1801,US
100978,8748 Amerige Circle,Statesville,NC,28625,US
100979,86 Arcadia St.,Smithtown,NY,11787,US
100980,4 Hickory Lane,Perth Amboy,NJ,8861,US
100981,8303 Augusta St.,Maumee,OH,43537,US
100982,311 Orange Dr.,Pittsfield,MA,1201,US
100983,919 W. Studebaker Street,Bluffton,SC,29910,US
100984,166 East Woodside Lane,Manchester Township,NJ,8759,US
100985,7073 High Point Rd.,Beloit,WI,53511,US
100986,296 North Glenlake Dr.,Savage,MN,55378,US
100987,6 Buttonwood Lane,Tullahoma,TN,37388,US
100988,9046 Paris Hill Street,East Brunswick,NJ,8816,US
100989,30 Monroe Dr.,Windermere,FL,34786,US
100990,480 Van Dyke Road,Grove City,OH,43123,US
100991,126 2nd Ave.,Ponte Vedra Beach,FL,32082,US
100992,8132 Westminster Street,Mooresville,NC,28115,US
100993,8591 East Alton Court,Hilliard,OH,43026,US
100994,939 Inverness Lane,Boynton Beach,FL,33435,US
100995,970 North Shady St.,Grand Island,NE,68801,US
100996,444 Spring Court,Arvada,CO,80003,US
100997,203 Jennings Ave.,Baldwin,NY,11510,US
100998,88 Bridle St.,New Berlin,WI,53151,US
100999,5 Elmwood Dr.,Largo,FL,33771,US
101000,60 Bald Hill Lane,Myrtle Beach,SC,29577,US
101001,6 W. 53rd Court,Klamath Falls,OR,97603,US
101002,635 Linda Rd.,Blackwood,NJ,8012,US
101003,570 Newport Dr.,Brentwood,NY,11717,US
101004,74 White Court,East Elmhurst,NY,11369,US
101005,410 Evergreen Rd.,Lagrange,GA,30240,US
101006,9967 Leatherwood St.,Portage,IN,46368,US
101007,51 NE. Myers Court,Ossining,NY,10562,US
101008,62 Bank Drive,Chippewa Falls,WI,54729,US
101009,2 Taylor Avenue,Bear,DE,19701,US
101010,926 Rockwell Lane,Beltsville,MD,20705,US
101011,823 North Lawrence Street,North Augusta,SC,29841,US
101012,1 W. Greenrose Rd.,Jonesborough,TN,37659,US
101013,286 Jefferson Lane,Marshalltown,IA,50158,US
101014,6 Pheasant Ave.,La Vergne,TN,37086,US
101015,8435 Brickell St.,Los Banos,CA,93635,US
101016,402 King St.,Lacey,WA,98503,US
101017,7379 Buttonwood St.,Attleboro,MA,2703,US
101018,958 Manchester Road,North Bergen,NJ,7047,US
101019,9212 Hilltop Road,De Pere,WI,54115,US
101020,31 Thatcher Road,Havertown,PA,19083,US
101021,34 Magnolia Drive,Dallas,GA,30132,US
101022,7620 York Dr.,Glenview,IL,60025,US
101023,11 North Longbranch St.,Virginia Beach,VA,23451,US
101024,918 Cleveland Street,Portsmouth,VA,23703,US
101025,7982 Lincoln Road,Hopkins,MN,55343,US
101026,8 Indian Summer Ave.,Freehold,NJ,7728,US
101027,8732 Boston Street,Rolla,MO,65401,US
101028,501 Argyle St.,Clarksville,TN,37040,US
101029,8344 E. Blue Spring Drive,Grand Blanc,MI,48439,US
101030,68 Military Drive,Oxon Hill,MD,20745,US
101031,7978 Theatre St.,Amsterdam,NY,12010,US
101032,659 Brookside Dr.,Rockville,MD,20850,US
101033,801 Cross Rd.,Chesterfield,VA,23832,US
101034,509 Grove Street,South Bend,IN,46614,US
101035,796 Plumb Branch St.,Brookline,MA,2446,US
101036,8326 Euclid Rd.,Parkersburg,WV,26101,US
101037,13 E. Mayfield Street,Ashburn,VA,20147,US
101038,7773 East Briarwood Dr.,Palm Bay,FL,32907,US
101039,8334 N. Ridgewood St.,Westmont,IL,60559,US
101040,9779 Glenlake St.,Gwynn Oak,MD,21207,US
101041,37 Tunnel Street,Wilmington,MA,1887,US
101042,821 Clark Street,Pickerington,OH,43147,US
101043,9891 Lees Creek Ave.,Taunton,MA,2780,US
101044,2 Birch Hill Ave.,Port Richey,FL,34668,US
101045,87 Pearl Court,Apopka,FL,32703,US
101046,7006 Bowman Rd.,Clementon,NJ,8021,US
101047,7112 Parker Dr.,Deerfield,IL,60015,US
101048,7256 Bedford Dr.,Wenatchee,WA,98801,US
101049,569 Greystone Dr.,Colorado Springs,CO,80911,US
101050,902 West Glendale Road,Salem,MA,1970,US
101051,351 East Street,Osseo,MN,55311,US
101052,905 Newport Lane,Roanoke,VA,24012,US
101053,184 Thorne St.,Germantown,MD,20874,US
101054,36 North North Dr.,Eau Claire,WI,54701,US
101055,94 North Harvard Ave.,Orlando,FL,32806,US
101056,254 North Kingston Dr.,Gloucester,MA,1930,US
101057,673 Bedford St.,Hartsville,SC,29550,US
101058,46 E. Beechwood Court,Reston,VA,20191,US
101059,81 East Lilac Lane,Coram,NY,11727,US
101060,64 Buckingham Ave.,Point Pleasant Beach,NJ,8742,US
101061,8032 Tunnel Lane,Lockport,NY,14094,US
101062,7747 West Sussex Ave.,Columbia,MD,21044,US
101063,50 W. Locust Ave.,Mankato,MN,56001,US
101064,9914 South Glen Ridge Avenue,Milledgeville,GA,31061,US
101065,576 Vermont Court,Haines City,FL,33844,US
101066,290 W. Fairground Street,Park Ridge,IL,60068,US
101067,848 Golden Star Ave.,Fort Wayne,IN,46804,US
101068,9643 Somerset St.,Hixson,TN,37343,US
101069,653 Brown St.,Roseville,MI,48066,US
101070,862 Chestnut Lane,Marquette,MI,49855,US
101071,9705 South Street,El Paso,TX,79930,US
101072,7500 S. Jockey Hollow Ave.,Aliquippa,PA,15001,US
101073,2 Linda Dr.,Victoria,TX,77904,US
101074,778 Lantern Street,Garner,NC,27529,US
101075,8938 Manhattan St.,Munster,IN,46321,US
101076,22 W. Manchester Ave.,Highland,IN,46322,US
101077,704 Marvon Dr.,Stoughton,MA,2072,US
101078,9276 Helen Drive,Skokie,IL,60076,US
101079,8438 San Carlos St.,Milwaukee,WI,53204,US
101080,708 Ridgewood Drive,Naugatuck,CT,6770,US
101081,355 Berkshire St.,Bardstown,KY,40004,US
101082,177 Henry Smith Ave.,Southaven,MS,38671,US
101083,47B North Creek Court,Hamburg,NY,14075,US
101084,486 Harrison Lane,Dundalk,MD,21222,US
101085,7797 Boston Street,Oxford,MS,38655,US
101086,697 St Paul Ave.,Evans,GA,30809,US
101087,8248 Beech Street,Yuba City,CA,95993,US
101088,771 Mulberry Ave.,Marietta,GA,30008,US
101089,8324 N. Big Rock Cove Dr.,Glen Cove,NY,11542,US
101090,7950 Trusel St.,Pikesville,MD,21208,US
101091,773 Sierra Lane,Bloomington,IN,47401,US
101092,9525 Bay Meadows Ave.,North Haven,CT,6473,US
101093,135 Albany Drive,Mcdonough,GA,30252,US
101094,58 Westminster Ave.,Mount Pleasant,SC,29464,US
101095,7672 Hillcrest Ave.,Bettendorf,IA,52722,US
101096,532 N. Glen Creek Rd.,Egg Harbor Township,NJ,8234,US
101097,526 Paris Hill St.,Apple Valley,CA,92307,US
101098,9790 West Birchpond St.,Glastonbury,CT,6033,US
101099,118 Bay Street,Williamsport,PA,17701,US
101100,8571 South Maiden St.,Royersford,PA,19468,US
101101,38 Arnold Street,Spartanburg,SC,29301,US
101102,523 Wall Circle,Elk Grove Village,IL,60007,US
101103,290 Westminster Ave.,New Lenox,IL,60451,US
101104,8788 Queen Drive,Camden,NJ,8105,US
101105,654 Victoria Dr.,Everett,MA,2149,US
101106,70 S. Arlington St.,Far Rockaway,NY,11691,US
101107,8576 Hilltop Ave.,Sebastian,FL,32958,US
101108,9 Canterbury Ave.,Crawfordsville,IN,47933,US
101109,131 Central Ave.,Rome,NY,13440,US
101110,8140 Studebaker Court,Campbell,CA,95008,US
101111,69 Inverness St.,Norristown,PA,19401,US
101112,836 Front St.,Durham,NC,27703,US
101113,932 Manor Street,Chicopee,MA,1020,US
101114,35 Indian Summer Street,Toms River,NJ,8753,US
101115,9703 Arnold Drive,Chaska,MN,55318,US
101116,2 Pennsylvania St.,Starkville,MS,39759,US
101117,6 Bow Ridge Rd.,Macungie,PA,18062,US
101118,8393 Alton Street,Beachwood,OH,44122,US
101119,9368 Strawberry Lane,Lakewood,NJ,8701,US
101120,62 John St.,West Bend,WI,53095,US
101121,95 South Street,Stillwater,MN,55082,US
101122,467 Taylor Ave.,Cedar Rapids,IA,52402,US
101123,72 Meadowbrook St.,Jamaica,NY,11432,US
101124,69 Bridle Drive,Georgetown,SC,29440,US
101125,92 Arch Ave.,Abingdon,MD,21009,US
101126,31 North St Paul Street,Massillon,OH,44646,US
101127,972 8th Drive,Salisbury,MD,21801,US
101128,738 Goldfield Drive,Lady Lake,FL,32159,US
101129,39 Sunnyslope St.,Harrisburg,PA,17109,US
101130,947 East Lane,Ronkonkoma,NY,11779,US
101131,90 William Street,Southington,CT,6489,US
101132,96 Windfall Ave.,Clarkston,MI,48348,US
101133,78 Eagle Lane,Woonsocket,RI,2895,US
101134,907 Sierra Court,Commack,NY,11725,US
101135,49 West Oakland Street,Miami Beach,FL,33139,US
101136,474 S. Smoky Hollow Street,Streamwood,IL,60107,US
101137,157 Tanglewood St.,Bethpage,NY,11714,US
101138,21 John Ave.,Shelton,CT,6484,US
101139,9223 South Maple Drive,Asheboro,NC,27205,US
101140,888 Orange St.,Land O Lakes,FL,34639,US
101141,66 Atlantic Street,Lawrenceville,GA,30043,US
101142,44 Rockland St.,Franklin,MA,2038,US
101143,51 Poor House Avenue,Covington,GA,30014,US
101144,31 Princess Street,New Bedford,MA,2740,US
101145,602 South Division St.,Lake In The Hills,IL,60156,US
101146,9 Sulphur Springs Street,Elizabethton,TN,37643,US
101147,450 Meadow St.,Oak Forest,IL,60452,US
101148,634 Mulberry Dr.,Ephrata,PA,17522,US
101149,89 South Vine Dr.,Venice,FL,34293,US
101150,8964 Lyme Drive,Reidsville,NC,27320,US