id,street,City,State,Zip
100651,9 Gregory Street,Paramus,NJ,7652
100652,93 Indian Spring Ave.,Hudson,NH,3051
100653,77 Country St.,Lake Mary,FL,32746
100654,22 Ridgewood Ave.,Huntington Station,NY,11746
100655,827 Hanover Ave.,Green Cove Springs,FL,32043
100656,13 South Sleepy Hollow St.,Mobile,AL,36605
100657,7641 NE. Newbridge Road,Saint Johns,FL,32259
100658,9239 St Margarets Street,Ypsilanti,MI,48197
100659,7208 Shipley Drive,Forest Hills,NY,11375
100660,17 South Pumpkin Hill St.,Inman,SC,29349
100661,404 Foster Street,Seattle,WA,98144
100662,9559 Cleveland Ave.,Battle Creek,MI,49015
100663,363 Acacia Street,Webster,NY,14580
100664,868 South Prince St.,Gulfport,MS,39503
100665,6 8th Drive,Melbourne,FL,32904
100666,462 Laurel Street,Allison Park,PA,15101
100667,8279 Pennington Ave.,Oviedo,FL,32765
100668,16 Pulaski Drive,Santa Cruz,CA,95060
100669,24 East Rd.,Horn Lake,MS,38637
100670,387 Foster Drive,Lowell,MA,1851
100671,77 Valley Drive,Dawsonville,GA,30534
100672,9751 Kent Ave.,Laurel,MD,20707
100673,361 S. Livingston Dr.,Londonderry,NH,3053
100674,7613 Cedarwood Lane,Dayton,OH,45420
100675,9 Winding Way Lane,Camp Hill,PA,17011
100676,555 Ryan Avenue,Satellite Beach,FL,32937
100677,372 Studebaker St.,Brookfield,WI,53045
100678,7779 S. Pacific Street,Palm Harbor,FL,34683
100679,586 South Orange Drive,Wethersfield,CT,6109
100680,268 Sage St.,Bethesda,MD,20814
100681,7260 Shadow Brook Court,Nampa,ID,83651
100682,420 Edgewater St.,Stafford,VA,22554
100683,37 Walnut Lane,Hollywood,FL,33020
100684,408 Galvin Street,Middleburg,FL,32068
100685,337 Trusel Road,Colonial Heights,VA,23834
100686,40 West Leeton Ridge St.,Tuscaloosa,AL,35405
100687,12 Birch Hill Lane,Urbandale,IA,50322
100688,439 Market Ave.,Fleming Island,FL,32003
100689,577 Vale Street,Omaha,NE,68107
100690,6 Canal Ave.,Valdosta,GA,31601
100691,60 Stillwater Ave.,Butte,MT,59701
100692,44 W. Devonshire Dr.,Findlay,OH,45840
100693,9419 Kingston Ave.,Annapolis,MD,21401
100694,87 Walt Whitman Avenue,Voorhees,NJ,8043
100695,77 North Somerset Dr.,Tuckerton,NJ,8087
100696,39 Kingston St.,Pewaukee,WI,53072
100697,49 Somerset Road,San Angelo,TX,76901
100698,921 Snake Hill Rd.,Greer,SC,29650
100699,545 Hudson St.,San Lorenzo,CA,94580
100700,7069 Yukon St.,Ballston Spa,NY,12020
100701,868 St Margarets Lane,Shrewsbury,MA,1545
100702,14 Bank St.,Cookeville,TN,38501
100703,94 Prospect Dr.,Annandale,VA,22003
100704,565 St Louis Court,Sulphur,LA,70663
100705,85 Argyle Ave.,Chelmsford,MA,1824
100706,530 Summit Street,Oak Park,MI,48237
100707,7996 Littleton Dr.,Charlottesville,VA,22901
100708,665 East Beech Road,Livingston,NJ,7039
100709,18 Cedar Circle,Lake Worth,FL,33460
100710,47 Southampton Court,Watertown,MA,2472
100711,9286 Glenlake Street,Kennewick,WA,99337
100712,8503 Garden Street,Taylor,MI,48180
100713,620 Cedar Swamp Dr.,Trenton,NJ,8610
100714,933 Second St.,Newton,NJ,7860
100715,15 Monroe Ave.,Wappingers Falls,NY,12590
100716,7039 Paris Hill St.,Riverview,FL,33569
100717,189 Arch Rd.,Cary,NC,27511
100718,8132 Hill Field St.,Greenville,NC,27834
100719,7302 Lower River Drive,Jupiter,FL,33458
100720,9797 Essex St.,Arlington Heights,IL,60004
100721,822 E. Prince Dr.,Duluth,GA,30096
100722,826 Dogwood Drive,Kingsport,TN,37660
100723,561 Lancaster Avenue,Port Chester,NY,10573
100724,27 East Myrtle Drive,Jackson,NJ,8527
100725,7232 Woodsman St.,Canfield,OH,44406
100726,660 Manhattan Circle,Bowie,MD,20715
100727,53 Shipley St.,Deer Park,NY,11729
100728,3 Glen Eagles Rd.,Essex,MD,21221
100729,7562 St Louis Road,Sun Prairie,WI,53590
100730,7492 SW. Foster St.,Waukesha,WI,53186
100731,140 Briarwood Lane,Lakeville,MN,55044
100732,744 Fawn Ave.,Hackensack,NJ,7601
100733,588 North Trout Street,Oshkosh,WI,54901
100734,8734 Marlborough Lane,Glendale,AZ,85302
100735,897 South Brandywine Dr.,Sarasota,FL,34231
100736,8 College Street,State College,PA,16801
100737,8 Indian Spring Road,Yonkers,NY,10701
100738,806 Poor House St.,Iowa City,IA,52240
100739,8060 Evergreen Street,Mount Juliet,TN,37122
100740,434 Sunnyslope Ave.,Pottstown,PA,19464
100741,8635 Pennsylvania Drive,Winona,MN,55987
100742,243 Tower Rd.,New Kensington,PA,15068
100743,58 Beechwood Ave.,Temple Hills,MD,20748
100744,53 George Lane,Thibodaux,LA,70301
100745,967 Smith St.,Deerfield Beach,FL,33442
100746,7636 Golf St.,Maspeth,NY,11378
100747,811 New St.,Waukegan,IL,60085
100748,9445 Plumb Branch Ave.,Ada,OK,74820
100749,9 Manhattan Lane,Livonia,MI,48150
100750,7451 Airport Drive,Kalamazoo,MI,49009
100751,587 Dunbar Street,Martinsville,VA,24112
100752,2 Brickell Street,Ottumwa,IA,52501
100753,66 53rd St.,Appleton,WI,54911
100754,40 Somerset Dr.,Murrells Inlet,SC,29576
100755,88 Old Pendergast St.,Wasilla,AK,99654
100756,7996 Oxford Circle,Ridgewood,NJ,7450
100757,7474 St Louis Court,Winston Salem,NC,27103
100758,674 Fairfield Dr.,Wheeling,WV,26003
100759,7171 Ashley Lane,Moses Lake,WA,98837
100760,7317 Plymouth St.,Pleasanton,CA,94566
100761,54 W. Oak Avenue,Chester,PA,19013
100762,8558 Bald Hill St.,Muncie,IN,47302
100763,8 Summer St.,Kalispell,MT,59901
100764,508 Bayberry St.,Braintree,MA,2184
100765,140 Essex Street,Staunton,VA,24401
100766,719 North Atlantic Rd.,Chicago Heights,IL,60411
100767,247 Fairway St.,Concord,NH,3301
100768,32 Buckingham St.,West Deptford,NJ,8096
100769,937 Bradford Rd.,Grand Rapids,MI,49503
100770,487 Ocean Court,Glen Ellyn,IL,60137
100771,771 Lilac St.,Fort Washington,MD,20744
100772,84 E. Corona Drive,Winter Park,FL,32792
100773,40 Jefferson Dr.,Salt Lake City,UT,84119
100774,62 Ramblewood St.,Greensburg,PA,15601
100775,172 Grant St.,Detroit,MI,48205
100776,38 Wild Horse Ave.,Bristow,VA,20136
100777,8306 S. Sleepy Hollow Street,Powder Springs,GA,30127
100778,59 S. Bay Meadows Drive,Villa Rica,GA,30180
100779,582 Beechwood St.,Joliet,IL,60435
100780,437 Pennington Ave.,Oakland,CA,94603
100781,7460 Warren Rd.,Adrian,MI,49221
100782,86 Virginia St.,Dyersburg,TN,38024
100783,41 Redwood St.,Bangor,ME,4401
100784,122 3rd Court,Mason,OH,45040
100785,45 Peninsula Lane,Winchester,VA,22601
100786,51 Grove Street,West Chicago,IL,60185
100787,8 Old Piper St.,Minneapolis,MN,55406
100788,312 Mill St.,Old Bridge,NJ,8857
100789,909 Beach Drive,Painesville,OH,44077
100790,13 Jockey Hollow Street,District Heights,MD,20747
100791,635 Riverside Rd.,Miamisburg,OH,45342
100792,308 Griffin Lane,Mc Lean,VA,22101
100793,473 Oxford Street,Warminster,PA,18974
100794,13 Iroquois Rd.,Scarsdale,NY,10583
100795,4 Bayberry Court,Canyon Country,CA,91387
100796,705 Pheasant Road,Methuen,MA,1844
100797,9883 Prince St.,Trussville,AL,35173
100798,7756 Mulberry Dr.,Catonsville,MD,21228
100799,87 Del Monte Street,Norwalk,CT,6851
100800,545 Snake Hill St.,Murfreesboro,TN,37128
100801,39 Windsor Ave.,Wheaton,IL,60187
100802,99 Ridge St.,Menomonee Falls,WI,53051
100803,8034 Yukon Drive,Decatur,GA,30030
100804,77 Shore Rd.,Duarte,CA,91010
100805,51 High Ridge Court,Clover,SC,29710
100806,577 Circle Court,Clifton,NJ,7011
100807,707 Somerset St.,Bensalem,PA,19020
100808,378 Oak Meadow St.,New York,NY,10002
100809,983 Atlantic Drive,Asbury Park,NJ,7712
100810,686 Mayfield Rd.,Niles,MI,49120
100811,8941 Clay Ave.,Downers Grove,IL,60515
100812,8450 Yukon Street,Liverpool,NY,13090
100813,235 Old Ridge Rd.,Plymouth,MA,2360
100814,7621 Arcadia Ave.,Fairfax,VA,22030
100815,999 Taylor Dr.,Carrollton,GA,30117
100816,9542 Pacific Rd.,Hackettstown,NJ,7840
100817,598 1st Street,Titusville,FL,32780
100818,8346 Brickell Lane,Eastlake,OH,44095
100819,595 West Myrtle Drive,Chesapeake,VA,23320
100820,807 Miles Street,Bethlehem,PA,18015
100821,9935 NW. Howard St.,Augusta,GA,30906
100822,15 La Sierra St.,Centreville,VA,20120
100823,818 Greystone Street,Waltham,MA,2453
100824,97 Lantern Rd.,Ridgecrest,CA,93555
100825,9020 Cambridge Street,East Hartford,CT,6118
100826,14 Maiden Street,Worcester,MA,1604
100827,252 Warren Lane,Hyde Park,MA,2136
100828,9344 Adams Ave.,Lithonia,GA,30038
100829,507 Railroad Lane,Bakersfield,CA,93306
100830,63 Bow Ridge Drive,Thornton,CO,80241
100831,872 Marconi Ave.,Greenwood,SC,29646
100832,717 Marvon St.,Saratoga Springs,NY,12866
100833,41 Second St.,Melrose,MA,2176
100834,9916 Plymouth Street,New Rochelle,NY,10801
100835,495 Shadow Brook Ave.,Battle Ground,WA,98604
100836,299 Sleepy Hollow St.,York,PA,17402
100837,116 School St.,Hagerstown,MD,21740
100838,232 Wintergreen Street,Pembroke Pines,FL,33028
100839,12 Maple Ave.,Long Branch,NJ,7740
100840,9949 West Crescent St.,Lakeland,FL,33801
100841,884 Columbia Ave.,Ankeny,IA,50023
100842,107 Smith Store Avenue,Waterloo,IA,50701
100843,24 Fairway St.,Monsey,NY,10952
100844,710 Marconi Ave.,Huntersville,NC,28078
100845,551 Bald Hill Court,Richardson,TX,75080
100846,9633 SE. 53rd Lane,Lexington,NC,27292
100847,9705 S. Wild Horse Dr.,Malvern,PA,19355
100848,91 Nichols Street,Coraopolis,PA,15108
100849,9660 Bay Road,Monroe Township,NJ,8831
100850,71 Newport Court,Kissimmee,FL,34741
100851,9795 Warren Drive,Port Washington,NY,11050
100852,75 Winding Way St.,Silver Spring,MD,20901
100853,9761 Pineknoll Rd.,Suffolk,VA,23434
100854,8326 Shipley Lane,Romeoville,IL,60446
100855,793 Argyle St.,Bel Air,MD,21014
100856,11 Arlington Street,Perkasie,PA,18944
100857,542 Hilldale Street,Saint Petersburg,FL,33702
100858,8229 SW. Marsh Drive,Ellenwood,GA,30294
100859,8611 State Ave.,Wake Forest,NC,27587
100860,911 S. Hillside St.,Long Beach,NY,11561
100861,741 Cleveland Lane,Monroe,NY,10950
100862,463 Vernon Road,Kokomo,IN,46901
100863,9813 Grand Lane,Mocksville,NC,27028
100864,1 S. Bank Street,Apex,NC,27502
100865,692 Windfall Drive,Mount Laurel,NJ,8054
100866,171 Brickyard Street,Brick,NJ,8723
100867,7193 Pendergast Ave.,Northville,MI,48167
100868,7131 Trusel Street,Uniontown,PA,15401
100869,8090 4th Dr.,Mason City,IA,50401
100870,9437 River Street,Vernon Rockville,CT,6066
100871,7556 N. Kent Lane,Rolling Meadows,IL,60008
100872,253 Fifth Dr.,Fairmont,WV,26554
100873,7189 East Williams Street,Vineland,NJ,8360
100874,676 Sussex St.,Elk River,MN,55330
100875,35 Queen Road,New Albany,IN,47150
100876,771 Yukon St.,Dothan,AL,36301
100877,948 Dunbar Dr.,Rochester,NY,14606
100878,28 Jones Lane,Newport News,VA,23601
100879,144 New Saddle Street,Highland Park,IL,60035
100880,70 Elizabeth St.,Portland,ME,4103
100881,135 Manhattan Court,Garfield,NJ,7026
100882,462 Marsh St.,Delaware,OH,43015
100883,9008 County St.,Olney,MD,20832
100884,9667 Elm Street,Louisville,KY,40207
100885,7789 Bay St.,Cottage Grove,MN,55016
100886,8993 Shub Farm Avenue,Rego Park,NY,11374
100887,6 Cottage St.,Loganville,GA,30052
100888,98 Fulton Road,Bethel Park,PA,15102
100889,19 Grant Lane,Jonesboro,GA,30236
100890,2 Bishop Street,Emporia,KS,66801
100891,9704 South St.,Norfolk,VA,23503
100892,70 N. Shirley Road,Bowling Green,KY,42101
100893,972 Windsor St.,Hopkinsville,KY,42240
100894,511 Fifth Road,Clayton,NC,27520
100895,212 North Harrison St.,Patchogue,NY,11772
100896,9538 Sulphur Springs Road,Elizabethtown,PA,17022
100897,22 Harvard St.,Oak Ridge,TN,37830
100898,823 Church Drive,Millville,NJ,8332
100899,7216 Kent St.,Lutherville Timonium,MD,21093
100900,7438 Ohio Road,West Chester,PA,19380
100901,45 North Hickory Drive,Hollis,NY,11423
100902,624 New St.,Westminster,MD,21157
100903,197 High St.,Antioch,TN,37013
100904,7 Hickory St.,Severn,MD,21144
100905,9715 Henry Smith St.,Elgin,IL,60120
100906,844 Applegate Dr.,Glen Burnie,MD,21060
100907,959 Applegate Lane,South Ozone Park,NY,11420
100908,130 Westport Drive,New Haven,CT,6511
100909,66 Gartner St.,Jamaica Plain,MA,2130
100910,9717 High Noon Drive,Sicklerville,NJ,8081
100911,117 Gates Avenue,Carol Stream,IL,60188
100912,339 San Carlos Rd.,Altoona,PA,16601
100913,8034 Addison Court,Sevierville,TN,37876
100914,982 Main St.,Cranberry Twp,PA,16066
100915,29 Summerhouse Court,Stow,OH,44224
100916,39 Pendergast Rd.,Cranford,NJ,7016
100917,78 NE. Lake Forest St.,Holyoke,MA,1040
100918,315 Foster St.,Nottingham,MD,21236
100919,755 Carson Lane,Yuma,AZ,85365
100920,7442 S. Shub Farm Drive,Ozone Park,NY,11417
100921,689 South Elizabeth Rd.,Ft Mitchell,KY,41017
100922,323 Henry Street,Belleville,NJ,7109
100923,279 School Street,Lititz,PA,17543
100924,73 Crescent Rd.,Derry,NH,3038
100925,9455 Littleton St.,Westford,MA,1886
100926,29 Leeton Ridge Lane,Sanford,NC,27330
100927,7865 Yukon Lane,Wallingford,CT,6492
100928,288 West Logan Street,Piedmont,SC,29673
100929,920 New Saddle St.,Elizabeth,NJ,7202
100930,330 Alderwood Street,Syosset,NY,11791
100931,983 Virginia Rd.,Saint Paul,MN,55104
100932,12 North Essex St.,Berwyn,IL,60402
100933,8669 Canterbury Lane,Marlton,NJ,8053
100934,8032 Valley Farms Street,Port Saint Lucie,FL,34952
100935,96 Tallwood Drive,Drexel Hill,PA,19026
100936,516 Nicolls Ave.,Pomona,CA,91768
100937,17 Shub Farm Ave.,Westbury,NY,11590
100938,7335 Harrison St.,Galloway,OH,43119
100939,9477 Arcadia Court,Midlothian,VA,23112
100940,85 Holly Street,Canton,GA,30114
100941,8750 Howard Dr.,Wantagh,NY,11793
100942,8225 Cherry St.,Westport,CT,6880
100943,7917 Homewood St.,Sunnyside,NY,11104
100944,78 E. Smoky Hollow Ave.,Owensboro,KY,42301
100945,402 Halifax Court,Warwick,RI,2886
100946,9111 Glendale St.,Danbury,CT,6810
100947,845 North Madison Lane,Lorton,VA,22079
100948,65 Marsh St.,Montclair,NJ,7042
100949,25 Buckingham Lane,Fair Lawn,NJ,7410
100950,7189 Sulphur Springs Street,Fairfield,CT,6824
100951,53 South San Carlos Circle,Winter Haven,FL,33880
100952,63 East Linda Street,Massapequa,NY,11758
100953,381 E. Heather Rd.,Great Falls,MT,59404
100954,4 James Ave.,Reisterstown,MD,21136
100955,91 Sunset Drive,Ladson,SC,29456
100956,2 Trout Lane,Waterbury,CT,6705
100957,742 W. Charles Circle,Pompano Beach,FL,33060
100958,694 Fawn Street,Pasadena,MD,21122
100959,367 North Market St.,Vernon Hills,IL,60061
100960,22 Old Fremont Ave.,Richmond,VA,23223
100961,8289 Carson Street,Pueblo,CO,81001
100962,420 East Adams St.,Rockford,MI,49341
100963,556 Madison Avenue,Latrobe,PA,15650
100964,591 South Edgewater Lane,Cuyahoga Falls,OH,44221
100965,9346 Shady Dr.,Midland,MI,48640
100966,29 Ann St.,Hernando,MS,38632
100967,9802 Summer St.,Bronx,NY,10451
100968,9270 Ridge St.,Dublin,GA,31021
100969,60 Bank Street,Poughkeepsie,NY,12601
100970,849 East Wild Horse Court,Lemont,IL,60439
100971,38 W. Strawberry Street,Mount Vernon,NY,10550
100972,53 Brewery Road,Dover,NH,3820
100973,803 Grand St.,Torrington,CT,6790
100974,98 East Clinton Street,Canal Winchester,OH,43110
100975,9610 N. Sherman Ave.,South Richmond Hill,NY,11419
100976,8308 Oak Meadow Street,Banning,CA,92220
100977,8097 Wentworth Street,Woburn,MA,1801
100978,8748 Amerige Circle,Statesville,NC,28625
100979,86 Arcadia St.,Smithtown,NY,11787
100980,4 Hickory Lane,Perth Amboy,NJ,8861
100981,8303 Augusta St.,Maumee,OH,43537
100982,311 Orange Dr.,Pittsfield,MA,1201
100983,919 W. Studebaker Street,Bluffton,SC,29910
100984,166 East Woodside Lane,Manchester Township,NJ,8759
100985,7073 High Point Rd.,Beloit,WI,53511
100986,296 North Glenlake Dr.,Savage,MN,55378
100987,6 Buttonwood Lane,Tullahoma,TN,37388
100988,9046 Paris Hill Street,East Brunswick,NJ,8816
100989,30 Monroe Dr.,Windermere,FL,34786
100990,480 Van Dyke Road,Grove City,OH,43123
100991,126 2nd Ave.,Ponte Vedra Beach,FL,32082
100992,8132 Westminster Street,Mooresville,NC,28115
100993,8591 East Alton Court,Hilliard,OH,43026
100994,939 Inverness Lane,Boynton Beach,FL,33435
100995,970 North Shady St.,Grand Island,NE,68801
100996,444 Spring Court,Arvada,CO,80003
100997,203 Jennings Ave.,Baldwin,NY,11510
100998,88 Bridle St.,New Berlin,WI,53151
100999,5 Elmwood Dr.,Largo,FL,33771
101000,60 Bald Hill Lane,Myrtle Beach,SC,29577
101001,6 W. 53rd Court,Klamath Falls,OR,97603
101002,635 Linda Rd.,Blackwood,NJ,8012
101003,570 Newport Dr.,Brentwood,NY,11717
101004,74 White Court,East Elmhurst,NY,11369
101005,410 Evergreen Rd.,Lagrange,GA,30240
101006,9967 Leatherwood St.,Portage,IN,46368
101007,51 NE. Myers Court,Ossining,NY,10562
101008,62 Bank Drive,Chippewa Falls,WI,54729
101009,2 Taylor Avenue,Bear,DE,19701
101010,926 Rockwell Lane,Beltsville,MD,20705
101011,823 North Lawrence Street,North Augusta,SC,29841
101012,1 W. Greenrose Rd.,Jonesborough,TN,37659
101013,286 Jefferson Lane,Marshalltown,IA,50158
101014,6 Pheasant Ave.,La Vergne,TN,37086
101015,8435 Brickell St.,Los Banos,CA,93635
101016,402 King St.,Lacey,WA,98503
101017,7379 Buttonwood St.,Attleboro,MA,2703
101018,958 Manchester Road,North Bergen,NJ,7047
101019,9212 Hilltop Road,De Pere,WI,54115
101020,31 Thatcher Road,Havertown,PA,19083
101021,34 Magnolia Drive,Dallas,GA,30132
101022,7620 York Dr.,Glenview,IL,60025
101023,11 North Longbranch St.,Virginia Beach,VA,23451
101024,918 Cleveland Street,Portsmouth,VA,23703
101025,7982 Lincoln Road,Hopkins,MN,55343
101026,8 Indian Summer Ave.,Freehold,NJ,7728
101027,8732 Boston Street,Rolla,MO,65401
101028,501 Argyle St.,Clarksville,TN,37040
101029,8344 E. Blue Spring Drive,Grand Blanc,MI,48439
101030,68 Military Drive,Oxon Hill,MD,20745
101031,7978 Theatre St.,Amsterdam,NY,12010
101032,659 Brookside Dr.,Rockville,MD,20850
101033,801 Cross Rd.,Chesterfield,VA,23832
101034,509 Grove Street,South Bend,IN,46614
101035,796 Plumb Branch St.,Brookline,MA,2446
101036,8326 Euclid Rd.,Parkersburg,WV,26101
101037,13 E. Mayfield Street,Ashburn,VA,20147
101038,7773 East Briarwood Dr.,Palm Bay,FL,32907
101039,8334 N. Ridgewood St.,Westmont,IL,60559
101040,9779 Glenlake St.,Gwynn Oak,MD,21207
101041,37 Tunnel Street,Wilmington,MA,1887
101042,821 Clark Street,Pickerington,OH,43147
101043,9891 Lees Creek Ave.,Taunton,MA,2780
101044,2 Birch Hill Ave.,Port Richey,FL,34668
101045,87 Pearl Court,Apopka,FL,32703
101046,7006 Bowman Rd.,Clementon,NJ,8021
101047,7112 Parker Dr.,Deerfield,IL,60015
101048,7256 Bedford Dr.,Wenatchee,WA,98801
101049,569 Greystone Dr.,Colorado Springs,CO,80911
101050,902 West Glendale Road,Salem,MA,1970
101051,351 East Street,Osseo,MN,55311
101052,905 Newport Lane,Roanoke,VA,24012
101053,184 Thorne St.,Germantown,MD,20874
101054,36 North North Dr.,Eau Claire,WI,54701
101055,94 North Harvard Ave.,Orlando,FL,32806
101056,254 North Kingston Dr.,Gloucester,MA,1930
101057,673 Bedford St.,Hartsville,SC,29550
101058,46 E. Beechwood Court,Reston,VA,20191
101059,81 East Lilac Lane,Coram,NY,11727
101060,64 Buckingham Ave.,Point Pleasant Beach,NJ,8742
101061,8032 Tunnel Lane,Lockport,NY,14094
101062,7747 West Sussex Ave.,Columbia,MD,21044
101063,50 W. Locust Ave.,Mankato,MN,56001
101064,9914 South Glen Ridge Avenue,Milledgeville,GA,31061
101065,576 Vermont Court,Haines City,FL,33844
101066,290 W. Fairground Street,Park Ridge,IL,60068
101067,848 Golden Star Ave.,Fort Wayne,IN,46804
101068,9643 Somerset St.,Hixson,TN,37343
101069,653 Brown St.,Roseville,MI,48066
101070,862 Chestnut Lane,Marquette,MI,49855
101071,9705 South Street,El Paso,TX,79930
101072,7500 S. Jockey Hollow Ave.,Aliquippa,PA,15001
101073,2 Linda Dr.,Victoria,TX,77904
101074,778 Lantern Street,Garner,NC,27529
101075,8938 Manhattan St.,Munster,IN,46321
101076,22 W. Manchester Ave.,Highland,IN,46322
101077,704 Marvon Dr.,Stoughton,MA,2072
101078,9276 Helen Drive,Skokie,IL,60076
101079,8438 San Carlos St.,Milwaukee,WI,53204
101080,708 Ridgewood Drive,Naugatuck,CT,6770
101081,355 Berkshire St.,Bardstown,KY,40004
101082,177 Henry Smith Ave.,Southaven,MS,38671
101083,47B North Creek Court,Hamburg,NY,14075
101084,486 Harrison Lane,Dundalk,MD,21222
101085,7797 Boston Street,Oxford,MS,38655
101086,697 St Paul Ave.,Evans,GA,30809
101087,8248 Beech Street,Yuba City,CA,95993
101088,771 Mulberry Ave.,Marietta,GA,30008
101089,8324 N. Big Rock Cove Dr.,Glen Cove,NY,11542
101090,7950 Trusel St.,Pikesville,MD,21208
101091,773 Sierra Lane,Bloomington,IN,47401
101092,9525 Bay Meadows Ave.,North Haven,CT,6473
101093,135 Albany Drive,Mcdonough,GA,30252
101094,58 Westminster Ave.,Mount Pleasant,SC,29464
101095,7672 Hillcrest Ave.,Bettendorf,IA,52722
101096,532 N. Glen Creek Rd.,Egg Harbor Township,NJ,8234
101097,526 Paris Hill St.,Apple Valley,CA,92307
101098,9790 West Birchpond St.,Glastonbury,CT,6033
101099,118 Bay Street,Williamsport,PA,17701
101100,8571 South Maiden St.,Royersford,PA,19468
101101,38 Arnold Street,Spartanburg,SC,29301
101102,523 Wall Circle,Elk Grove Village,IL,60007
101103,290 Westminster Ave.,New Lenox,IL,60451
101104,8788 Queen Drive,Camden,NJ,8105
101105,654 Victoria Dr.,Everett,MA,2149
101106,70 S. Arlington St.,Far Rockaway,NY,11691
101107,8576 Hilltop Ave.,Sebastian,FL,32958
101108,9 Canterbury Ave.,Crawfordsville,IN,47933
101109,131 Central Ave.,Rome,NY,13440
101110,8140 Studebaker Court,Campbell,CA,95008
101111,69 Inverness St.,Norristown,PA,19401
101112,836 Front St.,Durham,NC,27703
101113,932 Manor Street,Chicopee,MA,1020
101114,35 Indian Summer Street,Toms River,NJ,8753
101115,9703 Arnold Drive,Chaska,MN,55318
101116,2 Pennsylvania St.,Starkville,MS,39759
101117,6 Bow Ridge Rd.,Macungie,PA,18062
101118,8393 Alton Street,Beachwood,OH,44122
101119,9368 Strawberry Lane,Lakewood,NJ,8701
101120,62 John St.,West Bend,WI,53095
101121,95 South Street,Stillwater,MN,55082
101122,467 Taylor Ave.,Cedar Rapids,IA,52402
101123,72 Meadowbrook St.,Jamaica,NY,11432
101124,69 Bridle Drive,Georgetown,SC,29440
101125,92 Arch Ave.,Abingdon,MD,21009
101126,31 North St Paul Street,Massillon,OH,44646
101127,972 8th Drive,Salisbury,MD,21801
101128,738 Goldfield Drive,Lady Lake,FL,32159
101129,39 Sunnyslope St.,Harrisburg,PA,17109
101130,947 East Lane,Ronkonkoma,NY,11779
101131,90 William Street,Southington,CT,6489
101132,96 Windfall Ave.,Clarkston,MI,48348
101133,78 Eagle Lane,Woonsocket,RI,2895
101134,907 Sierra Court,Commack,NY,11725
101135,49 West Oakland Street,Miami Beach,FL,33139
101136,474 S. Smoky Hollow Street,Streamwood,IL,60107
101137,157 Tanglewood St.,Bethpage,NY,11714
101138,21 John Ave.,Shelton,CT,6484
101139,9223 South Maple Drive,Asheboro,NC,27205
101140,888 Orange St.,Land O Lakes,FL,34639
101141,66 Atlantic Street,Lawrenceville,GA,30043
101142,44 Rockland St.,Franklin,MA,2038
101143,51 Poor House Avenue,Covington,GA,30014
101144,31 Princess Street,New Bedford,MA,2740
101145,602 South Division St.,Lake In The Hills,IL,60156
101146,9 Sulphur Springs Street,Elizabethton,TN,37643
101147,450 Meadow St.,Oak Forest,IL,60452
101148,634 Mulberry Dr.,Ephrata,PA,17522
101149,89 South Vine Dr.,Venice,FL,34293
101150,8964 Lyme Drive,Reidsville,NC,27320