firstname,lastname
Deacon,Rivas
Zaiden,Lynch
Logan,Compton
Zion,Brooks
Shaylee,Terry
Ross,Murillo
Nigel,Webster
Giovanna,Brennan
Cohen,Patton
Jayda,Collier
Grace,Mayo
Angeline,Cordova
Kennedi,Harrington
Corey,Parks
Lamont,Gray
Brittany,Lin
Cora,Hudson
Tabitha,Barnes
America,Duffy
Nash,Barrera
Felipe,Mills
Madyson,Kennedy
Raven,Dixon
Shayna,Young
Lara,Heath
Emmett,Daniel
Nyla,Blackwell
Dorian,Fleming
Kaleigh,Duncan
Kiana,Pollard
Aldo,King
Reagan,Ponce
Isaiah,Price
Trevin,Woodward
Chaim,Shah
Paisley,Carlson
Hailey,Valencia
Taylor,Sanders
Sarah,Rose
Sawyer,Gentry
Garrett,Bray
Iliana,Becker
Bentley,Bradshaw
Laney,Herrera
Arjun,Estrada
Miah,Pierce
Michael,Knapp
Abraham,Summers
Isaias,Mercer
Sam,Jefferson
Mylee,Daniel
Gregory,Sheppard
Jeremy,Morrison
Dillan,Vance
Eleanor,Ashley
Kenya,Brown
Irene,Campos
Mckayla,Wise
Lorelai,Gaines
Cody,Brock
Nathen,Aguilar
Yahir,Dorsey
Justice,Hood
Shyanne,Greene
Jared,Summers
Leonard,Beltran
Molly,Rangel
Rolando,Meyers
Arturo,Gamble
Osvaldo,Barrera
Teresa,Keller
Jewel,Powers
Anastasia,Duke
Leia,Bray
Mattie,Carr
Jaden,Galvan
Uriel,Cuevas
Ariella,Edwards
Jovani,Schultz
Hana,Rowe
Mitchell,Ramos
Zackary,Haney
Sanai,Casey
Kaylyn,Saunders
Giselle,Knox
Rigoberto,Shaffer
Zayden,Case
Gilbert,Young
Amaris,White
Reginald,Gray
Jaxon,Salinas
Maria,Manning
Kiersten,Cunningham
Trevor,Yoder
Carter,Roth
Sarahi,Daugherty
Yosef,Riggs
Armani,Fuentes
Mollie,Dougherty
Julio,Dawson
Zayden,Sparks
Atticus,Rice
Elise,Blevins
Adrianna,Powell
Miriam,Howell
Karla,Coffey
Sullivan,Wheeler
Gauge,Forbes
Alivia,Lucero
Carley,Hopkins
Kimberly,Mathis
Alfredo,Gallagher
Marely,Riley
Paxton,Mayo
Jadiel,Santiago
Viviana,Morse
Ulises,Vang
Marley,Keller
Tiana,Chung
Krista,Barrera
Lena,Odom
Ibrahim,Donovan
Jeffery,Simon
Michael,Baxter
Jakobe,Andrews
Rowan,Haney
Maurice,Benjamin
Breanna,Hodge
Carolyn,Norman
Melina,Benjamin
Mallory,Porter
Frankie,Pittman
Arielle,Miller
Jesus,Gomez
Mario,Flores
Jaydin,Gates
Caiden,Barr
Lorelai,Williamson
Shaun,Benson
Jacey,Figueroa
Prince,Walton
Aleena,Peters
Arnav,Chen
Kingston,Valdez
Bruno,Wheeler
Cecelia,James
Branden,Franco
Leia,Mason
Cash,Snyder
Evelin,Holland
Salvatore,Cuevas
John,Chapman
Denisse,Sandoval
Kayden,Mcfarland
Felix,Patrick
Octavio,Ingram
Jesse,Herrera
Jovanny,Deleon
Miles,Chambers
Bernard,Garcia
Ana,Cannon
Clayton,Tapia
Dulce,Walters
Casey,Manning
Anastasia,Jacobson
Maryjane,Bullock
Raina,Dixon
Lilianna,Armstrong
Dangelo,Garner
Brianna,Sullivan
Ann,Walter
Jayson,Olson
Olivia,Lin
Kason,Newton
Talon,Thompson
Rodolfo,Maddox
Jake,Lindsey
Devin,Stone
Brayden,Alvarado
Derrick,Leonard
Jocelynn,Stout
Isabelle,Coffey
Nathanial,Leon
Zion,Huffman
Kristin,Schmidt
Darryl,Peck
Karen,Hull
Hannah,Horn
Ronald,Mathews
Heaven,Bass
Jameson,Fritz
Nikhil,Mata
Frankie,Chen
Marcel,Woodward
Jasmin,Klein
Bailee,Delgado
Linda,Mann
Guillermo,Calhoun
Isabell,Maddox
Deangelo,Conley
Carlos,Dickson
Aracely,Clarke
Marquis,Phelps
Saige,Chase
Damion,Stein
Janelle,Rojas
Abagail,Khan
Aylin,Padilla
Skylar,Lowery
Salvatore,Meadows
Emely,Sawyer
India,Proctor
Wyatt,Reilly
Brett,Bryan
Cayden,Joyce
Jordan,Kane
Darwin,Mckinney
Aliza,Sellers
Alex,Richards
Aiyana,Mccarthy
Maxwell,Roberson
Jennifer,Floyd
Reese,Sloan
Damion,Hunter
Audrina,Hays
Elianna,Zavala
Damon,Choi
Iyana,Singleton
Jamie,Soto
Jaelynn,Warner
Tony,Mcguire
Elena,Castro
Julien,Ferguson
Irene,Santos
Johnathon,Jarvis
Colt,Terrell
Lea,Stokes
Elaine,Gould
Yael,Russo
Paulina,Ross
Annika,Morris
Makenzie,Case
Eileen,Sullivan
Kaeden,Hobbs
Amelia,Poole
Jaidyn,Clements
Gunnar,Moran
Parker,Norris
Blaze,Osborne
June,Vasquez
Madden,Shepard
Iris,Kennedy
Reagan,French
Kira,Zamora
Hassan,Cortez
Amari,Love
Braydon,Lowery
Jose,Morris
Sebastian,Boyd
Kaylin,Sherman
Yurem,Knapp
Jayleen,Swanson
Lacey,Farley
Bethany,Ortega
Caiden,Morrison
Howard,Cummings
George,Stewart
Richard,Jenkins
Alexandria,Donaldson
Clayton,Ortega
Jimena,Clark
Colt,Stafford
Jose,Berry
Laura,Stein
Taliyah,Long
Michaela,Eaton
Maximilian,Farrell
Kaya,Watkins
Jewel,George
Devon,Garcia
Areli,Watts
Kamora,Lester
Ronin,Marks
Alondra,Donaldson
Riya,Beck
Skye,Patel
Eric,Roman
Cash,Knight
Marcus,Bright
Jaiden,Norris
Howard,Houston
Paul,Villanueva
Makayla,Harding
Marlon,Hensley
Nico,Dominguez
Elisa,Salinas
Mary,Moyer
Hamza,Wong
Reginald,Herring
Roman,Davenport
Kaitlynn,Shaw
Caden,Brown
Tripp,Harvey
River,York
Ramiro,Erickson
Seamus,Tyler
Dania,Lucero
Makenna,Atkins
Kaya,Pineda
Jamal,Pena
Braylon,Peck
Keyon,Tate
Evangeline,Yang
Rodney,Burnett
Alijah,Rios
Anton,Reed
Nancy,Decker
Zion,Diaz
Waylon,Barron
London,Dudley
Quinn,Key
Tyree,Jefferson
Kaylee,Koch
Bianca,Kemp
Julia,Burke
Deven,Park
Leo,Sims
Bailee,Barnett
Marissa,Marks
Jorge,Flowers
Joseph,Riddle
Davian,Jordan
Paul,Schwartz
Darius,Harper
Raphael,Gardner
Zoie,Gill
Eva,Guerrero
Damien,Steele
George,Rivers
Nathaniel,Santiago
Harry,Rosario
Savion,Hawkins
Sage,Mcconnell
Angel,Harper
Johnny,Drake
Marilyn,Bautista
Anne,Horton
Aron,Gilbert
Mary,Townsend
Roselyn,Hansen
Ali,Bean
Lamont,Dillon
Lorenzo,Davila
Brian,Bartlett
Jalen,Lambert
Kylie,Brock
Gabriel,Rhodes
Sarahi,Campos
Terrance,Ritter
Victoria,Irwin
Quinten,Norris
Ronnie,Donaldson
Lizeth,Rivera
Erik,Ashley
Brooks,Carlson
Ahmed,Duke
Osvaldo,Mcpherson
Kaiya,Sexton
Aryanna,Allen
Nikhil,Matthews
Sammy,Murray
Elianna,Maddox
Ray,Snow
Irene,Lowe
Orion,Miles
Anabella,Singh
Dana,Love
Bria,Fitzpatrick
Allisson,Saunders
Theodore,Wiley
India,Schaefer
Uriah,Estrada
Ingrid,Mullen
Karen,Levy
Devyn,Hess
Marin,Houston
Grant,Cochran
Jalen,Howell
Rayne,Flores
River,Lopez
Rhett,Rosales
Sarai,Farrell
Julio,Ryan
Kathryn,Hebert
Angeline,Huang
Kael,Hopkins
Derrick,Shaffer
Amaya,Duran
Alexa,Moreno
Nicole,Hayes
Semaj,Pennington
Maci,Rich
Kaila,Willis
Darnell,Velez
Emmanuel,Manning
Jadiel,Murillo
Kamari,Webb
Taylor,Carson
Yoselin,Cook
Taylor,Sanders
Ronald,Figueroa
Jaqueline,Clark
Kristen,Stewart
Miranda,Benjamin
Haven,Richards
Sage,Lara
Alena,Freeman
Lorenzo,Wiggins
Esther,Oconnell
Lorena,Baxter
Rolando,Caldwell
Johnny,Grimes
Oscar,Pearson
Emmy,Gentry
Matias,Rojas
Gregory,Montoya
Neil,Robinson
Campbell,Dodson
Kaia,Morse
Hanna,Pineda
London,Nichols
Aleah,Robertson
Penelope,James
Dale,Watson
Aubree,Powers
Hayden,Barrett
Wilson,Robinson
Jovanni,Gross
Averie,Alvarez
Kaden,Rivas
Catalina,White
Jakobe,Potts
Cason,Lester
Myles,Cantu
Marshall,Rollins
Tianna,Barnett
Grayson,Armstrong
Justus,Mcgee
Monserrat,Stone
Cecilia,Perez
Justice,Conway
Andy,Stokes
Beatrice,Leon
Adelaide,Rollins
Haleigh,Stevenson
Carlo,Werner
Aidan,Fleming
Ethan,Lamb
Kennedi,Castro
Russell,Murray
Lizeth,Wilkinson
Gavyn,Lyons
Judah,Melendez
Darrell,Nolan
Clayton,Moon
Kareem,Hurst
Anika,Hines
Kamryn,Dennis
Nigel,Rangel
Kamryn,Salazar
Cecilia,Ortiz
Seamus,Watkins
Kaia,Wong
Mohamed,Parsons
Naomi,Noble
Tobias,Sandoval
Kate,Harvey
Uriel,Mayer
Jagger,Hines
Colt,Dalton
Odin,Douglas
Alisa,Brooks
Zackery,Ellis
Kenyon,Ibarra
Jaycee,Shepard
Jan,Mercer
Derek,Shannon
Mariam,Mcdowell
Aliza,Wu
Sheldon,Butler
Tyrese,Bright
Soren,Schmitt
Addison,Gates
Ayaan,Pena
Liam,Ibarra
Leonidas,Vang
Terry,Rogers
Isaias,Humphrey
Trent,Rivera
Hailee,Aguirre
Tatum,Knox
Jasmine,Griffin
Eliza,Schroeder
Beckham,Sullivan
Ernesto,Jarvis
Eddie,Glover
Makai,Ferguson
Macie,Willis
Lola,Terrell
Janessa,Willis
Jerome,Cannon
Brooke,Ortiz
Gia,Blevins
Tia,Rowe
Zachariah,Holland
Kiley,Luna
Hallie,Whitney
Anabelle,Holland
Danica,Oneill
Jovany,Mcdonald
Nayeli,Walter
Kaylin,Haney
Axel,Bird
Greta,Ortega
Cristian,Flores
Eliza,Francis
Maggie,Parrish
Paris,Malone
Luka,Hendricks
Carissa,Weaver
Aubrie,Santiago
Caden,Barrera
Arabella,Christensen
Averie,Mullins
Ava,Mccall
Mina,Castillo
Lamont,Brewer
Payton,Fitzpatrick
Kane,Osborn
Skyla,Matthews
Livia,Finley
Leticia,Morgan
Aden,Baker
Kara,Arias
Rachel,Acosta
Sterling,Underwood
Samson,Pittman
Alanna,Gay
Keith,Pratt
Zechariah,Campos
Areli,Owens
Caylee,Choi
Elsa,Miranda
Soren,Wu
Olive,Schaefer
Keagan,Reese
Walter,Herman
Rayan,Mckay
Jasiah,Lowery
Wayne,Orozco
Brock,Paul
Marin,Harrington
Darius,Juarez
Dean,Zuniga
Olivia,Clements
Noelle,Mayer
Zachery,Barrera
Yurem,Lester
Nyla,Dean
Cole,Woodard
Alonzo,Buckley
Julissa,Gamble
Raiden,Abbott
Mackenzie,Myers
Timothy,Cain
Avery,Thornton
Yasmine,Juarez
Lane,West
Damon,Shea
Tessa,Reilly
Daniela,Galvan
Katelyn,Harrison
Sonny,Dawson
Clarence,Guerra
William,Wilkinson
Patrick,Mccullough
Anna,Neal
Dereon,Harris
Aiden,Calderon
Cornelius,Trevino
Layla,Campbell
Hayley,Schaefer
Maia,Shah
Paisley,Callahan
Alex,Oneal
Armani,Solis
Mario,Yoder
Maurice,Kane
Savion,Johns
Dangelo,Levy
Kameron,Russo
Lizbeth,Hebert
Marshall,Myers
Serena,Parrish
Genevieve,Bush
Danica,Krause
Alexa,Henry
Keaton,Potts
Adalyn,Sloan
Arielle,Owens
Terrance,Daugherty
Marcus,Stuart
Colby,Harris
Phoebe,Ferguson
Kasen,Silva
Samson,Nash
Jimmy,Thompson
Kason,Hebert
Augustus,Hunt
Daniela,Jensen
Adriel,Mathews
Taylor,Navarro
Emery,Graves
Gavyn,Lynn
Isaias,Everett
Milton,Hendricks
Frederick,Guzman
Amani,Hines
Thomas,Rich
Abby,Walls
Chaim,Floyd
Julia,Finley
Eugene,Whitney
Freddy,Hensley
Anabella,Moody
Chaz,Nash
Sophie,Hughes
Cael,Bullock
Marcelo,Travis
Lisa,Gutierrez
Grace,Terry
Jermaine,Everett
Kaila,Joseph
Travis,Neal
Octavio,Chan
Dylan,Reid
Nigel,Peterson
Yuliana,Ford
Ean,Mcdonald
Evelin,House
Jamie,Finley
Jaquan,Patterson
Caroline,Robbins
Terrell,Glenn
Isis,Mccall
Yadira,Harmon
Naomi,Gay
Alessandro,Parrish
Anabel,Stafford
Jazmyn,Huang
Fernando,Acosta
Immanuel,Peterson
Mikayla,Hernandez
Tristin,Conley
Lilah,Hall
Maria,Adams
Marlon,Roberts
Jaden,Stone
Halle,Wells
Myla,Jackson
Ishaan,Thompson
Myah,Austin
Cayden,Fry
Mariah,Spencer
Greyson,Mann
Gretchen,Mack
Paul,Price
Sean,Hubbard
Mathew,Ferguson
Leticia,Graves
Chanel,Conner
Cynthia,Hunt
Billy,Mcgee
Finley,Hinton
Adyson,Rush
Calvin,Frazier
Giovanni,Barron
Haiden,Arellano
Calvin,Chase
Adrianna,Carpenter
Zoie,Hancock
Lillian,Chang
Pranav,Fuller
Lukas,Serrano
Miles,Woodward
Kash,Mcfarland
Valeria,Baker
Holden,Rivas
Jovan,Hubbard
Chasity,Mack
Kolten,Hudson
Aliana,Kemp
Scott,Mayo
Marvin,Beasley
Greta,Horn
Muhammad,Santana
Zoe,Christian
Dayton,Tapia
Ayla,Burke
Julio,Sanders
Kaylyn,Porter
Caiden,Travis
Marcos,Blake
Brenda,Espinoza
Jean,Navarro
Theodore,Lutz
Ellie,Peterson
Sofia,Horton
Jacey,Goodwin
Eliana,Harrison
Dylan,Richmond
Kellen,Richardson
Kareem,Greene
Case,Patton
Alfonso,Oconnor
Lilah,Mckay
Taniya,Kemp
Alexis,Dixon
Madalyn,Campos
Maxwell,Nunez
Reina,Ware
Zaiden,Morgan
Ivy,Hodge
Stella,Robertson
Anika,Hickman
Coby,Hester
Marco,Carey
King,Durham
Giovanni,Cook
Jan,Fleming
Karla,James
Leo,Andrade
Matthew,Yates
Savion,Petty
Yusuf,Fernandez
Maverick,Oliver
Zayne,Blanchard
Lisa,Choi
Jagger,Hardin
Rosemary,Fuller
Karson,Arroyo
Gaven,Nguyen
Kenyon,Bass
Adrienne,Mcknight
Elisa,Wang
Dustin,Hines
Janelle,Rasmussen
Tess,Nixon
Konnor,Kelley
Josiah,Avery
Morgan,Hartman
Caleb,Powell
Tucker,Tate
Donovan,Weiss
Ayden,Boyer
Felicity,Massey
Braedon,Solis
Roderick,Bates
Dane,Barr
Haylie,Huffman
Diya,Solis
Mckinley,Joyce
Jordin,Faulkner
Kristian,Hartman
Kristin,Garner
Bradyn,Summers
Dominique,Lambert
Carter,Ewing
Valery,Pacheco
Cecelia,Butler
Eduardo,Salas
Melissa,Phillips
Rosa,Bauer
Cynthia,Dalton
Alisha,Gray
Madison,Morris
Mateo,Frye
Aisha,Schmitt
Bo,Weiss
Marc,Holmes
Zander,Gentry
Phillip,Cobb
Ireland,Bishop
Nora,Beard
Skylar,Patel
Jadyn,Ward
Izayah,Logan
Ahmad,Mendoza
Jimena,Murray
Taylor,Meyer
Madeleine,Lang
Kyan,Finley
Gracelyn,Novak
Edgar,Livingston
Salma,Schaefer
Jonah,Thornton
Kenneth,Wolf
Naima,Waters
Leslie,Lee
Reilly,Hopkins
Uriel,Brandt
Jadon,Kelley
Rogelio,Nguyen
Deven,Bradford
Cale,Chandler
Jaylen,Floyd
Lilianna,Simmons
Saul,Munoz
August,Kemp
Rylee,Dillon
Journey,Hendricks
Zackery,Ellison
Amirah,Berg
Jairo,Murray
Hugh,Fritz
Emery,Gray
Autumn,Howe
Araceli,Gay
Zack,Mcclure
Andrew,Mcclain
Liana,Petersen
Luis,Moody
Karma,Bartlett
Emmy,Watkins
Melody,Camacho
Dominik,Vasquez
Tyson,Brady
Keon,Terrell
Rodrigo,Cannon
London,Giles
Caroline,Franklin
Emerson,Burns
Erick,Nolan
Colin,Black
Urijah,Duncan
Irene,Murphy
Jade,Oneill
Mohammed,Flowers
Tyshawn,Saunders
Noemi,Mcclure
Vivian,Parker
Alfred,Mcknight
Giancarlo,Dodson
Regan,Myers
Ashanti,Bryan
Roderick,Cummings
Dangelo,Holden
Alannah,Logan
Ashleigh,Choi
Alejandro,Singleton
Landyn,Gallagher
Jaxson,Reilly
Shyla,Casey
Maximo,Hartman
Frida,Garza
Patience,King
Savanah,Sloan
Jayda,Maddox
Samantha,Lawrence
Jonas,Mcneil
Yasmine,Sellers
Terrell,Meyer
Lilian,Banks
Lola,Horton
Ashlynn,Day
Justice,Graham
Belen,Cole
Gregory,Welch
Alondra,Yates
Marshall,Schmitt
Blake,Harmon
Jasiah,Gaines
Anna,Fleming
Riya,Li
Janet,Jennings
Nash,Hull
Isabela,Ashley
Bentley,Valencia
Tristin,Rollins
Nancy,Rodgers
Kenya,Arroyo
Willie,Trujillo
Zoe,Hubbard
Cameron,Harrison
Messiah,Johns
Cristofer,Mosley
Payton,Mosley
Albert,Shepard
Hunter,Obrien
Clark,Andersen
Dexter,Manning
Xavier,Wilkinson
Anika,Beltran
Aron,Young
Azul,Fuller
Aron,Spence
Maximillian,Cunningham
Madyson,Whitaker
Anderson,Delacruz
Aria,Goodman
Keshawn,Pittman
Gillian,Brown
Sammy,Diaz
Triston,Stewart
Gerald,Snyder
Sylvia,Bailey
Sophia,Santana
Kathy,Valentine
Maren,Hartman
Amira,Huber
Alani,Simon
Autumn,Andersen
Jack,Moss
Abel,Cook
Rodney,Malone
Patrick,Bush
Felicity,Adams
Jade,Beard
Jefferson,Anderson
Chaz,Lopez
Danny,Mcclure
Dexter,Savage
Teresa,Murray
Rubi,Obrien
Naomi,Bryant
Aiden,Holder
Michaela,Sellers
Jon,Spears
Dylan,Kerr
Kailee,Chen
Quinn,Petty
Kane,Flores
Shyla,Sosa
Pablo,Choi
Ahmad,Fleming
Olive,Mooney
Madilynn,Hayden
Xander,Liu
Thalia,Carr
Jakobe,Roach
Jaylin,Yang
Jaylee,Cardenas
Giovanna,Norman
Kaia,Shea
Immanuel,Durham
Presley,Lang
Taniyah,Chandler
Jasmine,Gamble
Philip,Love
Jimena,Shaw
Anderson,Church
Aarav,Lucas
Rene,Wade
Isabel,Lynn
Jamarion,Hart
Zariah,Oneal
Oswaldo,Richard
Sophia,Pace
Trevor,Mcclure
Abagail,Becker
Halle,Riley
Giana,Riggs
Amari,Ward
Tess,Glass
Maxim,Koch
Pierce,Mejia
Anabelle,Cruz
Trent,Marks
Matilda,Duke
James,Garrison
Emilia,Terrell
Harper,Powell
Elizabeth,Cline
Emmy,Lewis
Helen,Brock
Dayana,Murray
Alexia,Hale
Haylie,Daniel
Harper,Cameron
Kaitlin,Bowen
Israel,Hamilton
Willow,Robinson
Enzo,Austin
Erica,Petersen
Ellis,Kaiser
Ingrid,Farrell
Declan,Schwartz
Kimberly,Ortega
Teagan,Beard
Lillie,Valencia